NumThreads,Estrategia,Tiempo
1,Reduction,0.014597
1,Critical,0.016135
1,Ordered,0.009110
1,Reduction,0.005763
1,Critical,0.011012
1,Ordered,0.008556
1,Reduction,0.005629
1,Critical,0.011001
1,Ordered,0.012382
1,Reduction,0.009950
1,Critical,0.012748
1,Ordered,0.008787
1,Reduction,0.005662
1,Critical,0.011037
1,Ordered,0.008570
1,Reduction,0.005695
1,Critical,0.011067
1,Ordered,0.008540
1,Reduction,0.005675
1,Critical,0.010944
1,Ordered,0.008952
1,Reduction,0.005656
1,Critical,0.010944
1,Ordered,0.008541
1,Reduction,0.006395
1,Critical,0.010989
1,Ordered,0.008545
1,Reduction,0.005632
1,Critical,0.010933
1,Ordered,0.008483
1,Reduction,0.005661
1,Critical,0.010956
1,Ordered,0.008564
1,Reduction,0.005684
1,Critical,0.010972
1,Ordered,0.008533
1,Reduction,0.005633
1,Critical,0.010929
1,Ordered,0.008473
1,Reduction,0.005486
1,Critical,0.011107
1,Ordered,0.008347
1,Reduction,0.005508
1,Critical,0.010692
1,Ordered,0.008797
1,Reduction,0.005504
1,Critical,0.011066
1,Ordered,0.008394
1,Reduction,0.006119
1,Critical,0.010724
1,Ordered,0.008324
1,Reduction,0.005567
1,Critical,0.010691
1,Ordered,0.008340
1,Reduction,0.005549
1,Critical,0.010640
1,Ordered,0.008391
1,Reduction,0.005490
1,Critical,0.011008
1,Ordered,0.008327
1,Reduction,0.005500
1,Critical,0.010709
1,Ordered,0.008333
1,Reduction,0.005470
1,Critical,0.011132
1,Ordered,0.008423
1,Reduction,0.005574
1,Critical,0.010898
1,Ordered,0.008749
1,Reduction,0.005555
1,Critical,0.010796
1,Ordered,0.008440
1,Reduction,0.006287
1,Critical,0.010780
1,Ordered,0.008804
1,Reduction,0.005910
1,Critical,0.011664
1,Ordered,0.009352
1,Reduction,0.010055
1,Critical,0.013688
1,Ordered,0.008607
1,Reduction,0.005714
1,Critical,0.010912
1,Ordered,0.008530
1,Reduction,0.005621
1,Critical,0.010850
1,Ordered,0.008278
1,Reduction,0.005931
1,Critical,0.010765
1,Ordered,0.008381
1,Reduction,0.005491
1,Critical,0.011034
1,Ordered,0.008349
1,Reduction,0.005503
1,Critical,0.010669
1,Ordered,0.008564
1,Reduction,0.005546
1,Critical,0.010827
1,Ordered,0.008350
1,Reduction,0.005654
1,Critical,0.010745
1,Ordered,0.008410
1,Reduction,0.005494
1,Critical,0.010733
1,Ordered,0.008328
1,Reduction,0.006093
1,Critical,0.010801
1,Ordered,0.008348
1,Reduction,0.005488
1,Critical,0.010765
1,Ordered,0.008280
1,Reduction,0.005939
1,Critical,0.010980
1,Ordered,0.008912
1,Reduction,0.005654
1,Critical,0.011141
1,Ordered,0.008440
1,Reduction,0.005785
1,Critical,0.010833
1,Ordered,0.009205
1,Reduction,0.005588
1,Critical,0.010962
1,Ordered,0.008580
1,Reduction,0.005622
1,Critical,0.010953
1,Ordered,0.009280
1,Reduction,0.005650
1,Critical,0.010992
1,Ordered,0.008611
1,Reduction,0.005679
1,Critical,0.010922
1,Ordered,0.008562
1,Reduction,0.005623
1,Critical,0.010803
1,Ordered,0.008359
1,Reduction,0.005471
1,Critical,0.010780
1,Ordered,0.008411
1,Reduction,0.005580
1,Critical,0.011190
1,Ordered,0.008379
1,Reduction,0.005501
1,Critical,0.010959
1,Ordered,0.008418
1,Reduction,0.005533
1,Critical,0.010752
1,Ordered,0.008375
1,Reduction,0.005508
1,Critical,0.010671
1,Ordered,0.008300
1,Reduction,0.005470
1,Critical,0.010717
1,Ordered,0.008370
1,Reduction,0.005907
1,Critical,0.010815
1,Ordered,0.008370
1,Reduction,0.005494
1,Critical,0.010717
1,Ordered,0.008276
1,Reduction,0.005897
1,Critical,0.010710
1,Ordered,0.008338
1,Reduction,0.005523
1,Critical,0.011104
1,Ordered,0.008319
1,Reduction,0.005657
1,Critical,0.010663
1,Ordered,0.008551
1,Reduction,0.005512
1,Critical,0.010763
1,Ordered,0.008354
1,Reduction,0.005523
1,Critical,0.011038
1,Ordered,0.008426
1,Reduction,0.005519
1,Critical,0.010747
1,Ordered,0.008337
1,Reduction,0.006047
1,Critical,0.010817
1,Ordered,0.008343
1,Reduction,0.005510
1,Critical,0.010748
1,Ordered,0.008276
1,Reduction,0.005953
1,Critical,0.010804
1,Ordered,0.008313
1,Reduction,0.005592
1,Critical,0.010701
1,Ordered,0.008336
1,Reduction,0.005604
1,Critical,0.010658
1,Ordered,0.008780
1,Reduction,0.005504
1,Critical,0.010774
1,Ordered,0.008343
1,Reduction,0.005533
1,Critical,0.010717
1,Ordered,0.008713
1,Reduction,0.005584
1,Critical,0.010826
1,Ordered,0.008298
1,Reduction,0.006037
1,Critical,0.010767
1,Ordered,0.008360
1,Reduction,0.005645
1,Critical,0.010703
1,Ordered,0.008344
1,Reduction,0.005539
1,Critical,0.010640
1,Ordered,0.008349
1,Reduction,0.005482
1,Critical,0.010788
1,Ordered,0.008289
1,Reduction,0.005572
1,Critical,0.010743
1,Ordered,0.008964
1,Reduction,0.005571
1,Critical,0.010771
1,Ordered,0.008305
1,Reduction,0.005523
1,Critical,0.010799
1,Ordered,0.008729
1,Reduction,0.005674
1,Critical,0.010717
1,Ordered,0.008366
1,Reduction,0.005636
1,Critical,0.010692
1,Ordered,0.008309
1,Reduction,0.005482
1,Critical,0.010707
1,Ordered,0.008287
1,Reduction,0.005836
1,Critical,0.010718
1,Ordered,0.008389
1,Reduction,0.005536
1,Critical,0.011129
1,Ordered,0.008411
1,Reduction,0.006152
1,Critical,0.010784
1,Ordered,0.008804
1,Reduction,0.005616
1,Critical,0.010783
1,Ordered,0.008510
1,Reduction,0.005641
1,Critical,0.010691
1,Ordered,0.008341
1,Reduction,0.005468
1,Critical,0.010712
1,Ordered,0.008292
1,Reduction,0.005594
1,Critical,0.010664
1,Ordered,0.008325
1,Reduction,0.005523
1,Critical,0.010782
1,Ordered,0.008278
1,Reduction,0.005525
1,Critical,0.011078
1,Ordered,0.008350
1,Reduction,0.005528
1,Critical,0.011019
1,Ordered,0.008390
1,Reduction,0.005495
1,Critical,0.011053
1,Ordered,0.008534
1,Reduction,0.005495
1,Critical,0.010941
1,Ordered,0.008301
1,Reduction,0.005520
1,Critical,0.010774
1,Ordered,0.008541
1,Reduction,0.005648
1,Critical,0.011102
1,Ordered,0.008340
1,Reduction,0.005529
1,Critical,0.011406
1,Ordered,0.008354
1,Reduction,0.005522
1,Critical,0.010657
1,Ordered,0.008301
1,Reduction,0.005464
1,Critical,0.011809
1,Ordered,0.008387
1,Reduction,0.005501
1,Critical,0.010852
1,Ordered,0.008340
1,Reduction,0.005479
1,Critical,0.010811
1,Ordered,0.008481
1,Reduction,0.005502
1,Critical,0.010802
1,Ordered,0.008295
1,Reduction,0.005540
1,Critical,0.010648
1,Ordered,0.008629
1,Reduction,0.005598
1,Critical,0.010704
1,Ordered,0.008336
1,Reduction,0.005494
1,Critical,0.010943
1,Ordered,0.008815
2,Reduction,0.002855
2,Critical,0.036686
2,Ordered,0.008471
2,Reduction,0.003109
2,Critical,0.035432
2,Ordered,0.008525
2,Reduction,0.002773
2,Critical,0.035040
2,Ordered,0.008454
2,Reduction,0.002809
2,Critical,0.036828
2,Ordered,0.008646
2,Reduction,0.002751
2,Critical,0.034967
2,Ordered,0.008488
2,Reduction,0.002741
2,Critical,0.037192
2,Ordered,0.008813
2,Reduction,0.002755
2,Critical,0.036449
2,Ordered,0.008808
2,Reduction,0.002840
2,Critical,0.038710
2,Ordered,0.009000
2,Reduction,0.002832
2,Critical,0.036901
2,Ordered,0.008486
2,Reduction,0.003305
2,Critical,0.039297
2,Ordered,0.009007
2,Reduction,0.002857
2,Critical,0.035740
2,Ordered,0.008529
2,Reduction,0.002977
2,Critical,0.047975
2,Ordered,0.008997
2,Reduction,0.002871
2,Critical,0.034885
2,Ordered,0.008916
2,Reduction,0.002754
2,Critical,0.037082
2,Ordered,0.008529
2,Reduction,0.002751
2,Critical,0.039649
2,Ordered,0.008527
2,Reduction,0.002747
2,Critical,0.037102
2,Ordered,0.008995
2,Reduction,0.002832
2,Critical,0.038998
2,Ordered,0.008510
2,Reduction,0.002751
2,Critical,0.042167
2,Ordered,0.008694
2,Reduction,0.002826
2,Critical,0.035244
2,Ordered,0.008670
2,Reduction,0.002751
2,Critical,0.038076
2,Ordered,0.008674
2,Reduction,0.002752
2,Critical,0.034812
2,Ordered,0.008447
2,Reduction,0.003092
2,Critical,0.040055
2,Ordered,0.008714
2,Reduction,0.002803
2,Critical,0.041315
2,Ordered,0.008670
2,Reduction,0.002816
2,Critical,0.036122
2,Ordered,0.008694
2,Reduction,0.002822
2,Critical,0.035946
2,Ordered,0.008545
2,Reduction,0.003305
2,Critical,0.038136
2,Ordered,0.008479
2,Reduction,0.002820
2,Critical,0.035758
2,Ordered,0.008505
2,Reduction,0.002751
2,Critical,0.036324
2,Ordered,0.008556
2,Reduction,0.002788
2,Critical,0.036495
2,Ordered,0.008482
2,Reduction,0.002872
2,Critical,0.034705
2,Ordered,0.008791
2,Reduction,0.002753
2,Critical,0.039349
2,Ordered,0.008737
2,Reduction,0.002750
2,Critical,0.038257
2,Ordered,0.008627
2,Reduction,0.002869
2,Critical,0.038625
2,Ordered,0.008730
2,Reduction,0.002750
2,Critical,0.039380
2,Ordered,0.009161
2,Reduction,0.002786
2,Critical,0.036024
2,Ordered,0.008717
2,Reduction,0.002883
2,Critical,0.038031
2,Ordered,0.008792
2,Reduction,0.002832
2,Critical,0.039425
2,Ordered,0.008712
2,Reduction,0.002765
2,Critical,0.036062
2,Ordered,0.008653
2,Reduction,0.002807
2,Critical,0.036047
2,Ordered,0.008517
2,Reduction,0.003345
2,Critical,0.034811
2,Ordered,0.008478
2,Reduction,0.002751
2,Critical,0.036877
2,Ordered,0.008526
2,Reduction,0.002795
2,Critical,0.038379
2,Ordered,0.008431
2,Reduction,0.002792
2,Critical,0.042311
2,Ordered,0.008593
2,Reduction,0.003002
2,Critical,0.037321
2,Ordered,0.008591
2,Reduction,0.002752
2,Critical,0.040590
2,Ordered,0.008535
2,Reduction,0.002848
2,Critical,0.041425
2,Ordered,0.009249
2,Reduction,0.003171
2,Critical,0.038539
2,Ordered,0.008808
2,Reduction,0.002871
2,Critical,0.042729
2,Ordered,0.009735
2,Reduction,0.003301
2,Critical,0.037562
2,Ordered,0.008768
2,Reduction,0.002819
2,Critical,0.036174
2,Ordered,0.008920
2,Reduction,0.002832
2,Critical,0.045330
2,Ordered,0.008779
2,Reduction,0.002857
2,Critical,0.037510
2,Ordered,0.008701
2,Reduction,0.002823
2,Critical,0.036335
2,Ordered,0.008699
2,Reduction,0.002812
2,Critical,0.039882
2,Ordered,0.008676
2,Reduction,0.002962
2,Critical,0.036891
2,Ordered,0.008674
2,Reduction,0.002850
2,Critical,0.037285
2,Ordered,0.008762
2,Reduction,0.002826
2,Critical,0.038514
2,Ordered,0.008628
2,Reduction,0.002813
2,Critical,0.040076
2,Ordered,0.008728
2,Reduction,0.002786
2,Critical,0.036530
2,Ordered,0.008748
2,Reduction,0.002804
2,Critical,0.038184
2,Ordered,0.008672
2,Reduction,0.002796
2,Critical,0.035290
2,Ordered,0.008673
2,Reduction,0.002823
2,Critical,0.043567
2,Ordered,0.008881
2,Reduction,0.002825
2,Critical,0.043871
2,Ordered,0.008498
2,Reduction,0.002991
2,Critical,0.036386
2,Ordered,0.008523
2,Reduction,0.002750
2,Critical,0.035206
2,Ordered,0.008452
2,Reduction,0.002748
2,Critical,0.036347
2,Ordered,0.009309
2,Reduction,0.002756
2,Critical,0.038408
2,Ordered,0.008585
2,Reduction,0.002821
2,Critical,0.047411
2,Ordered,0.008690
2,Reduction,0.003222
2,Critical,0.047806
2,Ordered,0.008666
2,Reduction,0.002823
2,Critical,0.039324
2,Ordered,0.008657
2,Reduction,0.002841
2,Critical,0.036727
2,Ordered,0.008643
2,Reduction,0.002748
2,Critical,0.037159
2,Ordered,0.009311
2,Reduction,0.002893
2,Critical,0.037072
2,Ordered,0.008655
2,Reduction,0.002757
2,Critical,0.037891
2,Ordered,0.008666
2,Reduction,0.002751
2,Critical,0.038562
2,Ordered,0.008633
2,Reduction,0.002750
2,Critical,0.039306
2,Ordered,0.008728
2,Reduction,0.002749
2,Critical,0.039194
2,Ordered,0.008760
2,Reduction,0.002764
2,Critical,0.044377
2,Ordered,0.008503
2,Reduction,0.002766
2,Critical,0.035515
2,Ordered,0.008497
2,Reduction,0.002747
2,Critical,0.042607
2,Ordered,0.008454
2,Reduction,0.002759
2,Critical,0.035503
2,Ordered,0.008638
2,Reduction,0.002801
2,Critical,0.036672
2,Ordered,0.008570
2,Reduction,0.002881
2,Critical,0.039049
2,Ordered,0.008588
2,Reduction,0.002746
2,Critical,0.035937
2,Ordered,0.009268
2,Reduction,0.002756
2,Critical,0.048392
2,Ordered,0.008527
2,Reduction,0.002887
2,Critical,0.035108
2,Ordered,0.008449
2,Reduction,0.002750
2,Critical,0.034867
2,Ordered,0.008482
2,Reduction,0.002745
2,Critical,0.037190
2,Ordered,0.008698
2,Reduction,0.002753
2,Critical,0.035000
2,Ordered,0.008826
2,Reduction,0.002789
2,Critical,0.036159
2,Ordered,0.008802
2,Reduction,0.002792
2,Critical,0.035083
2,Ordered,0.008532
2,Reduction,0.002954
2,Critical,0.038811
2,Ordered,0.008446
2,Reduction,0.003487
2,Critical,0.049592
2,Ordered,0.008605
2,Reduction,0.002768
2,Critical,0.035287
2,Ordered,0.008607
2,Reduction,0.002748
2,Critical,0.037491
2,Ordered,0.008557
2,Reduction,0.002749
2,Critical,0.039566
2,Ordered,0.008614
2,Reduction,0.002748
2,Critical,0.035866
2,Ordered,0.008482
2,Reduction,0.002769
2,Critical,0.034802
2,Ordered,0.008565
2,Reduction,0.003367
2,Critical,0.039730
2,Ordered,0.008523
2,Reduction,0.002749
2,Critical,0.039471
2,Ordered,0.009005
3,Reduction,0.002000
3,Critical,0.059041
3,Ordered,0.008672
3,Reduction,0.001883
3,Critical,0.059839
3,Ordered,0.008933
3,Reduction,0.001884
3,Critical,0.057926
3,Ordered,0.008668
3,Reduction,0.001897
3,Critical,0.058375
3,Ordered,0.008666
3,Reduction,0.001951
3,Critical,0.058574
3,Ordered,0.008708
3,Reduction,0.002054
3,Critical,0.058454
3,Ordered,0.008819
3,Reduction,0.001881
3,Critical,0.058399
3,Ordered,0.008909
3,Reduction,0.001889
3,Critical,0.058620
3,Ordered,0.008576
3,Reduction,0.001928
3,Critical,0.058205
3,Ordered,0.008634
3,Reduction,0.001897
3,Critical,0.058164
3,Ordered,0.008767
3,Reduction,0.001878
3,Critical,0.058373
3,Ordered,0.008660
3,Reduction,0.001874
3,Critical,0.058442
3,Ordered,0.008666
3,Reduction,0.001916
3,Critical,0.058577
3,Ordered,0.008830
3,Reduction,0.001883
3,Critical,0.058529
3,Ordered,0.009233
3,Reduction,0.001887
3,Critical,0.058150
3,Ordered,0.008578
3,Reduction,0.001832
3,Critical,0.057580
3,Ordered,0.008624
3,Reduction,0.001941
3,Critical,0.058267
3,Ordered,0.008495
3,Reduction,0.001957
3,Critical,0.058385
3,Ordered,0.008596
3,Reduction,0.001831
3,Critical,0.059158
3,Ordered,0.008759
3,Reduction,0.002213
3,Critical,0.058913
3,Ordered,0.008798
3,Reduction,0.001969
3,Critical,0.058446
3,Ordered,0.008848
3,Reduction,0.001882
3,Critical,0.059011
3,Ordered,0.008871
3,Reduction,0.001889
3,Critical,0.058384
3,Ordered,0.008726
3,Reduction,0.001887
3,Critical,0.058970
3,Ordered,0.008662
3,Reduction,0.001875
3,Critical,0.058573
3,Ordered,0.008689
3,Reduction,0.002071
3,Critical,0.058784
3,Ordered,0.008731
3,Reduction,0.001880
3,Critical,0.058592
3,Ordered,0.008663
3,Reduction,0.001881
3,Critical,0.058545
3,Ordered,0.008673
3,Reduction,0.001880
3,Critical,0.058766
3,Ordered,0.008670
3,Reduction,0.001901
3,Critical,0.058477
3,Ordered,0.008669
3,Reduction,0.001884
3,Critical,0.058952
3,Ordered,0.008662
3,Reduction,0.001919
3,Critical,0.059303
3,Ordered,0.008844
3,Reduction,0.001885
3,Critical,0.059302
3,Ordered,0.008844
3,Reduction,0.001884
3,Critical,0.059335
3,Ordered,0.008700
3,Reduction,0.001876
3,Critical,0.058732
3,Ordered,0.008664
3,Reduction,0.001880
3,Critical,0.059165
3,Ordered,0.008666
3,Reduction,0.001894
3,Critical,0.059299
3,Ordered,0.008690
3,Reduction,0.001888
3,Critical,0.058796
3,Ordered,0.008804
3,Reduction,0.001885
3,Critical,0.059518
3,Ordered,0.010502
3,Reduction,0.002271
3,Critical,0.058860
3,Ordered,0.008691
3,Reduction,0.001880
3,Critical,0.059194
3,Ordered,0.008605
3,Reduction,0.002382
3,Critical,0.058915
3,Ordered,0.008841
3,Reduction,0.002488
3,Critical,0.058602
3,Ordered,0.008658
3,Reduction,0.001880
3,Critical,0.058914
3,Ordered,0.008870
3,Reduction,0.001885
3,Critical,0.058716
3,Ordered,0.008701
3,Reduction,0.001878
3,Critical,0.058924
3,Ordered,0.008662
3,Reduction,0.001883
3,Critical,0.058828
3,Ordered,0.008657
3,Reduction,0.001911
3,Critical,0.059661
3,Ordered,0.008669
3,Reduction,0.001970
3,Critical,0.058714
3,Ordered,0.008736
3,Reduction,0.001882
3,Critical,0.058772
3,Ordered,0.008674
3,Reduction,0.001882
3,Critical,0.058915
3,Ordered,0.008677
3,Reduction,0.001977
3,Critical,0.058478
3,Ordered,0.008707
3,Reduction,0.001835
3,Critical,0.058554
3,Ordered,0.008792
3,Reduction,0.001850
3,Critical,0.058105
3,Ordered,0.008705
3,Reduction,0.001883
3,Critical,0.058290
3,Ordered,0.008672
3,Reduction,0.001885
3,Critical,0.059018
3,Ordered,0.009034
3,Reduction,0.001887
3,Critical,0.059204
3,Ordered,0.008668
3,Reduction,0.001876
3,Critical,0.058749
3,Ordered,0.008660
3,Reduction,0.001881
3,Critical,0.058719
3,Ordered,0.008670
3,Reduction,0.002442
3,Critical,0.059036
3,Ordered,0.008896
3,Reduction,0.001889
3,Critical,0.058957
3,Ordered,0.008679
3,Reduction,0.001878
3,Critical,0.059237
3,Ordered,0.008667
3,Reduction,0.001933
3,Critical,0.059026
3,Ordered,0.008687
3,Reduction,0.001883
3,Critical,0.058827
3,Ordered,0.008672
3,Reduction,0.001943
3,Critical,0.058894
3,Ordered,0.008664
3,Reduction,0.002863
3,Critical,0.058573
3,Ordered,0.008674
3,Reduction,0.001883
3,Critical,0.058959
3,Ordered,0.008680
3,Reduction,0.001882
3,Critical,0.059196
3,Ordered,0.008703
3,Reduction,0.001880
3,Critical,0.059150
3,Ordered,0.008685
3,Reduction,0.001879
3,Critical,0.059772
3,Ordered,0.008663
3,Reduction,0.001907
3,Critical,0.058552
3,Ordered,0.008683
3,Reduction,0.001887
3,Critical,0.058793
3,Ordered,0.008837
3,Reduction,0.001881
3,Critical,0.058468
3,Ordered,0.008977
3,Reduction,0.001857
3,Critical,0.058609
3,Ordered,0.008636
3,Reduction,0.001891
3,Critical,0.058653
3,Ordered,0.008672
3,Reduction,0.001881
3,Critical,0.059155
3,Ordered,0.008702
3,Reduction,0.002071
3,Critical,0.059112
3,Ordered,0.008683
3,Reduction,0.001881
3,Critical,0.058568
3,Ordered,0.008664
3,Reduction,0.001910
3,Critical,0.058782
3,Ordered,0.009068
3,Reduction,0.001885
3,Critical,0.058249
3,Ordered,0.008664
3,Reduction,0.001876
3,Critical,0.058719
3,Ordered,0.008677
3,Reduction,0.001882
3,Critical,0.058724
3,Ordered,0.008644
3,Reduction,0.002139
3,Critical,0.058055
3,Ordered,0.008623
3,Reduction,0.001834
3,Critical,0.058239
3,Ordered,0.008694
3,Reduction,0.001832
3,Critical,0.058374
3,Ordered,0.008762
3,Reduction,0.001873
3,Critical,0.058783
3,Ordered,0.008727
3,Reduction,0.001877
3,Critical,0.058714
3,Ordered,0.008674
3,Reduction,0.001878
3,Critical,0.058650
3,Ordered,0.008699
3,Reduction,0.001882
3,Critical,0.058554
3,Ordered,0.008661
3,Reduction,0.001907
3,Critical,0.058901
3,Ordered,0.008976
3,Reduction,0.001887
3,Critical,0.058756
3,Ordered,0.008678
3,Reduction,0.001882
3,Critical,0.058896
3,Ordered,0.008760
3,Reduction,0.001924
3,Critical,0.058636
3,Ordered,0.008663
3,Reduction,0.001877
3,Critical,0.058959
3,Ordered,0.008667
3,Reduction,0.001880
3,Critical,0.058343
3,Ordered,0.008605
3,Reduction,0.002135
3,Critical,0.057968
3,Ordered,0.008724
3,Reduction,0.001835
3,Critical,0.058318
3,Ordered,0.008871
3,Reduction,0.001836
3,Critical,0.059133
3,Ordered,0.008675
3,Reduction,0.001878
3,Critical,0.058134
3,Ordered,0.008720
3,Reduction,0.001896
3,Critical,0.058639
3,Ordered,0.008705
4,Reduction,0.001511
4,Critical,0.065511
4,Ordered,0.009196
4,Reduction,0.001415
4,Critical,0.064970
4,Ordered,0.008686
4,Reduction,0.001373
4,Critical,0.065492
4,Ordered,0.008942
4,Reduction,0.001456
4,Critical,0.065262
4,Ordered,0.008660
4,Reduction,0.001407
4,Critical,0.065289
4,Ordered,0.009066
4,Reduction,0.001422
4,Critical,0.065270
4,Ordered,0.008708
4,Reduction,0.001415
4,Critical,0.065383
4,Ordered,0.008856
4,Reduction,0.001416
4,Critical,0.065706
4,Ordered,0.008665
4,Reduction,0.001620
4,Critical,0.065420
4,Ordered,0.008763
4,Reduction,0.001419
4,Critical,0.065690
4,Ordered,0.008665
4,Reduction,0.001551
4,Critical,0.065831
4,Ordered,0.008698
4,Reduction,0.001409
4,Critical,0.065695
4,Ordered,0.008690
4,Reduction,0.001409
4,Critical,0.065564
4,Ordered,0.008673
4,Reduction,0.001410
4,Critical,0.065990
4,Ordered,0.008840
4,Reduction,0.001412
4,Critical,0.065962
4,Ordered,0.008693
4,Reduction,0.001412
4,Critical,0.065636
4,Ordered,0.008700
4,Reduction,0.001426
4,Critical,0.065688
4,Ordered,0.008702
4,Reduction,0.001445
4,Critical,0.065916
4,Ordered,0.008705
4,Reduction,0.001470
4,Critical,0.065770
4,Ordered,0.008822
4,Reduction,0.001411
4,Critical,0.065487
4,Ordered,0.008694
4,Reduction,0.001411
4,Critical,0.065833
4,Ordered,0.008681
4,Reduction,0.001412
4,Critical,0.065681
4,Ordered,0.008670
4,Reduction,0.001409
4,Critical,0.065822
4,Ordered,0.008670
4,Reduction,0.001411
4,Critical,0.065831
4,Ordered,0.008665
4,Reduction,0.001407
4,Critical,0.065596
4,Ordered,0.008844
4,Reduction,0.001410
4,Critical,0.065597
4,Ordered,0.008671
4,Reduction,0.001592
4,Critical,0.065632
4,Ordered,0.008701
4,Reduction,0.001408
4,Critical,0.065474
4,Ordered,0.008718
4,Reduction,0.001416
4,Critical,0.065856
4,Ordered,0.008695
4,Reduction,0.001802
4,Critical,0.065808
4,Ordered,0.008716
4,Reduction,0.001412
4,Critical,0.065698
4,Ordered,0.008669
4,Reduction,0.001408
4,Critical,0.065958
4,Ordered,0.009105
4,Reduction,0.001416
4,Critical,0.065596
4,Ordered,0.008671
4,Reduction,0.001407
4,Critical,0.065878
4,Ordered,0.008996
4,Reduction,0.001416
4,Critical,0.065746
4,Ordered,0.008686
4,Reduction,0.001490
4,Critical,0.065823
4,Ordered,0.008724
4,Reduction,0.001545
4,Critical,0.065648
4,Ordered,0.008678
4,Reduction,0.001411
4,Critical,0.065387
4,Ordered,0.008765
4,Reduction,0.001803
4,Critical,0.065216
4,Ordered,0.008665
4,Reduction,0.001467
4,Critical,0.065619
4,Ordered,0.008668
4,Reduction,0.001415
4,Critical,0.065406
4,Ordered,0.008996
4,Reduction,0.001448
4,Critical,0.065352
4,Ordered,0.008680
4,Reduction,0.001631
4,Critical,0.065568
4,Ordered,0.009703
4,Reduction,0.001427
4,Critical,0.065660
4,Ordered,0.008671
4,Reduction,0.001464
4,Critical,0.065843
4,Ordered,0.008722
4,Reduction,0.001413
4,Critical,0.065631
4,Ordered,0.008689
4,Reduction,0.001417
4,Critical,0.065773
4,Ordered,0.008670
4,Reduction,0.001413
4,Critical,0.065696
4,Ordered,0.008823
4,Reduction,0.001446
4,Critical,0.065473
4,Ordered,0.008672
4,Reduction,0.001446
4,Critical,0.065522
4,Ordered,0.008665
4,Reduction,0.001452
4,Critical,0.065693
4,Ordered,0.008699
4,Reduction,0.001429
4,Critical,0.065813
4,Ordered,0.008878
4,Reduction,0.001412
4,Critical,0.065733
4,Ordered,0.008705
4,Reduction,0.001524
4,Critical,0.065707
4,Ordered,0.008729
4,Reduction,0.001408
4,Critical,0.065825
4,Ordered,0.008704
4,Reduction,0.001688
4,Critical,0.066049
4,Ordered,0.008706
4,Reduction,0.001809
4,Critical,0.065643
4,Ordered,0.008998
4,Reduction,0.001420
4,Critical,0.065686
4,Ordered,0.008980
4,Reduction,0.001415
4,Critical,0.065797
4,Ordered,0.008744
4,Reduction,0.001416
4,Critical,0.065876
4,Ordered,0.008673
4,Reduction,0.001451
4,Critical,0.065605
4,Ordered,0.008666
4,Reduction,0.001410
4,Critical,0.065682
4,Ordered,0.008666
4,Reduction,0.001725
4,Critical,0.065625
4,Ordered,0.008880
4,Reduction,0.001414
4,Critical,0.065581
4,Ordered,0.009139
4,Reduction,0.001470
4,Critical,0.065843
4,Ordered,0.009028
4,Reduction,0.001414
4,Critical,0.066038
4,Ordered,0.008718
4,Reduction,0.001413
4,Critical,0.065744
4,Ordered,0.008667
4,Reduction,0.001412
4,Critical,0.065832
4,Ordered,0.008732
4,Reduction,0.001415
4,Critical,0.065724
4,Ordered,0.008668
4,Reduction,0.001425
4,Critical,0.065917
4,Ordered,0.009059
4,Reduction,0.001415
4,Critical,0.065779
4,Ordered,0.008670
4,Reduction,0.001592
4,Critical,0.065455
4,Ordered,0.008761
4,Reduction,0.001413
4,Critical,0.065387
4,Ordered,0.008826
4,Reduction,0.001414
4,Critical,0.065318
4,Ordered,0.008669
4,Reduction,0.001407
4,Critical,0.065450
4,Ordered,0.009962
4,Reduction,0.001423
4,Critical,0.065641
4,Ordered,0.008676
4,Reduction,0.001451
4,Critical,0.065577
4,Ordered,0.008725
4,Reduction,0.001414
4,Critical,0.065542
4,Ordered,0.008669
4,Reduction,0.001434
4,Critical,0.065660
4,Ordered,0.008776
4,Reduction,0.001474
4,Critical,0.065422
4,Ordered,0.008667
4,Reduction,0.001443
4,Critical,0.065464
4,Ordered,0.008682
4,Reduction,0.001409
4,Critical,0.065499
4,Ordered,0.008992
4,Reduction,0.001437
4,Critical,0.065571
4,Ordered,0.008668
4,Reduction,0.001413
4,Critical,0.065634
4,Ordered,0.009562
4,Reduction,0.001417
4,Critical,0.065651
4,Ordered,0.008836
4,Reduction,0.001411
4,Critical,0.065657
4,Ordered,0.009186
4,Reduction,0.001412
4,Critical,0.065678
4,Ordered,0.008672
4,Reduction,0.001574
4,Critical,0.065807
4,Ordered,0.008688
4,Reduction,0.001410
4,Critical,0.065968
4,Ordered,0.008666
4,Reduction,0.001448
4,Critical,0.065894
4,Ordered,0.008668
4,Reduction,0.001408
4,Critical,0.065586
4,Ordered,0.009302
4,Reduction,0.001417
4,Critical,0.065675
4,Ordered,0.008667
4,Reduction,0.001408
4,Critical,0.065450
4,Ordered,0.009056
4,Reduction,0.001416
4,Critical,0.065782
4,Ordered,0.008684
4,Reduction,0.001410
4,Critical,0.065892
4,Ordered,0.008698
4,Reduction,0.001408
4,Critical,0.065780
4,Ordered,0.008666
4,Reduction,0.001440
4,Critical,0.065476
4,Ordered,0.008696
4,Reduction,0.001410
4,Critical,0.065458
4,Ordered,0.008669
4,Reduction,0.001493
4,Critical,0.065517
4,Ordered,0.008665
4,Reduction,0.001407
4,Critical,0.065560
4,Ordered,0.008707
5,Reduction,0.001229
5,Critical,0.067184
5,Ordered,0.008668
5,Reduction,0.001128
5,Critical,0.067417
5,Ordered,0.009465
5,Reduction,0.001134
5,Critical,0.067397
5,Ordered,0.008731
5,Reduction,0.001170
5,Critical,0.067516
5,Ordered,0.008666
5,Reduction,0.001131
5,Critical,0.067434
5,Ordered,0.008699
5,Reduction,0.001129
5,Critical,0.067760
5,Ordered,0.008665
5,Reduction,0.001570
5,Critical,0.067593
5,Ordered,0.008689
5,Reduction,0.001325
5,Critical,0.067834
5,Ordered,0.008711
5,Reduction,0.001128
5,Critical,0.067794
5,Ordered,0.008661
5,Reduction,0.001314
5,Critical,0.067182
5,Ordered,0.008679
5,Reduction,0.001585
5,Critical,0.067644
5,Ordered,0.008922
5,Reduction,0.001189
5,Critical,0.067712
5,Ordered,0.008661
5,Reduction,0.001517
5,Critical,0.067624
5,Ordered,0.008717
5,Reduction,0.001422
5,Critical,0.067874
5,Ordered,0.008719
5,Reduction,0.001144
5,Critical,0.067751
5,Ordered,0.008674
5,Reduction,0.001171
5,Critical,0.067700
5,Ordered,0.008675
5,Reduction,0.001128
5,Critical,0.067932
5,Ordered,0.008973
5,Reduction,0.001189
5,Critical,0.067768
5,Ordered,0.008667
5,Reduction,0.001149
5,Critical,0.067516
5,Ordered,0.008710
5,Reduction,0.001131
5,Critical,0.067588
5,Ordered,0.008744
5,Reduction,0.001129
5,Critical,0.067689
5,Ordered,0.008663
5,Reduction,0.001125
5,Critical,0.067484
5,Ordered,0.008824
5,Reduction,0.001130
5,Critical,0.067644
5,Ordered,0.009405
5,Reduction,0.001133
5,Critical,0.067509
5,Ordered,0.008709
5,Reduction,0.001142
5,Critical,0.067605
5,Ordered,0.008674
5,Reduction,0.001129
5,Critical,0.068207
5,Ordered,0.009368
5,Reduction,0.001427
5,Critical,0.067240
5,Ordered,0.008763
5,Reduction,0.001129
5,Critical,0.067509
5,Ordered,0.008668
5,Reduction,0.001197
5,Critical,0.067420
5,Ordered,0.008693
5,Reduction,0.001128
5,Critical,0.067515
5,Ordered,0.008712
5,Reduction,0.001141
5,Critical,0.067519
5,Ordered,0.008759
5,Reduction,0.001129
5,Critical,0.067587
5,Ordered,0.008737
5,Reduction,0.001140
5,Critical,0.067628
5,Ordered,0.008792
5,Reduction,0.001128
5,Critical,0.067434
5,Ordered,0.009143
5,Reduction,0.001352
5,Critical,0.067527
5,Ordered,0.008746
5,Reduction,0.001132
5,Critical,0.067288
5,Ordered,0.008737
5,Reduction,0.001131
5,Critical,0.067418
5,Ordered,0.008692
5,Reduction,0.001128
5,Critical,0.067462
5,Ordered,0.008662
5,Reduction,0.001708
5,Critical,0.067420
5,Ordered,0.008669
5,Reduction,0.001125
5,Critical,0.067309
5,Ordered,0.008690
5,Reduction,0.001127
5,Critical,0.067524
5,Ordered,0.008851
5,Reduction,0.001134
5,Critical,0.067459
5,Ordered,0.008684
5,Reduction,0.001150
5,Critical,0.067483
5,Ordered,0.008722
5,Reduction,0.001130
5,Critical,0.067477
5,Ordered,0.008730
5,Reduction,0.001130
5,Critical,0.067626
5,Ordered,0.008826
5,Reduction,0.001131
5,Critical,0.067924
5,Ordered,0.008964
5,Reduction,0.001136
5,Critical,0.067454
5,Ordered,0.008679
5,Reduction,0.001167
5,Critical,0.067695
5,Ordered,0.008880
5,Reduction,0.001624
5,Critical,0.067614
5,Ordered,0.009026
5,Reduction,0.001130
5,Critical,0.067619
5,Ordered,0.008670
5,Reduction,0.001241
5,Critical,0.067677
5,Ordered,0.008920
5,Reduction,0.001132
5,Critical,0.067678
5,Ordered,0.008844
5,Reduction,0.001132
5,Critical,0.067767
5,Ordered,0.009773
5,Reduction,0.001637
5,Critical,0.068692
5,Ordered,0.008674
5,Reduction,0.001726
5,Critical,0.067389
5,Ordered,0.008976
5,Reduction,0.001133
5,Critical,0.067906
5,Ordered,0.008675
5,Reduction,0.001274
5,Critical,0.067747
5,Ordered,0.008670
5,Reduction,0.001126
5,Critical,0.067870
5,Ordered,0.008715
5,Reduction,0.001142
5,Critical,0.067993
5,Ordered,0.008706
5,Reduction,0.001167
5,Critical,0.067757
5,Ordered,0.008680
5,Reduction,0.001431
5,Critical,0.067905
5,Ordered,0.008701
5,Reduction,0.001130
5,Critical,0.067887
5,Ordered,0.008912
5,Reduction,0.001314
5,Critical,0.067902
5,Ordered,0.008708
5,Reduction,0.001291
5,Critical,0.067822
5,Ordered,0.008686
5,Reduction,0.001129
5,Critical,0.068218
5,Ordered,0.009243
5,Reduction,0.001421
5,Critical,0.068125
5,Ordered,0.008675
5,Reduction,0.001126
5,Critical,0.067963
5,Ordered,0.008828
5,Reduction,0.001143
5,Critical,0.068045
5,Ordered,0.008683
5,Reduction,0.001129
5,Critical,0.068251
5,Ordered,0.008718
5,Reduction,0.001128
5,Critical,0.068194
5,Ordered,0.008768
5,Reduction,0.001127
5,Critical,0.068079
5,Ordered,0.009125
5,Reduction,0.001133
5,Critical,0.068186
5,Ordered,0.008698
5,Reduction,0.001128
5,Critical,0.067937
5,Ordered,0.009180
5,Reduction,0.001132
5,Critical,0.067901
5,Ordered,0.008710
5,Reduction,0.001132
5,Critical,0.068203
5,Ordered,0.008704
5,Reduction,0.001138
5,Critical,0.068015
5,Ordered,0.008672
5,Reduction,0.001160
5,Critical,0.068157
5,Ordered,0.009200
5,Reduction,0.001133
5,Critical,0.068086
5,Ordered,0.008766
5,Reduction,0.001218
5,Critical,0.068030
5,Ordered,0.008684
5,Reduction,0.001453
5,Critical,0.067848
5,Ordered,0.008688
5,Reduction,0.001130
5,Critical,0.067986
5,Ordered,0.008890
5,Reduction,0.001165
5,Critical,0.068566
5,Ordered,0.008670
5,Reduction,0.001179
5,Critical,0.068038
5,Ordered,0.008698
5,Reduction,0.001128
5,Critical,0.068088
5,Ordered,0.008708
5,Reduction,0.001157
5,Critical,0.068261
5,Ordered,0.008668
5,Reduction,0.001131
5,Critical,0.068150
5,Ordered,0.008722
5,Reduction,0.001133
5,Critical,0.068341
5,Ordered,0.009103
5,Reduction,0.001130
5,Critical,0.068148
5,Ordered,0.008674
5,Reduction,0.001129
5,Critical,0.068576
5,Ordered,0.008959
5,Reduction,0.001136
5,Critical,0.068374
5,Ordered,0.008700
5,Reduction,0.001131
5,Critical,0.068165
5,Ordered,0.008657
5,Reduction,0.001180
5,Critical,0.068175
5,Ordered,0.008701
5,Reduction,0.001129
5,Critical,0.067842
5,Ordered,0.008882
5,Reduction,0.001151
5,Critical,0.068108
5,Ordered,0.008678
5,Reduction,0.001143
5,Critical,0.068310
5,Ordered,0.008666
5,Reduction,0.001131
5,Critical,0.068296
5,Ordered,0.009041
5,Reduction,0.001132
5,Critical,0.067801
5,Ordered,0.008914
5,Reduction,0.001464
5,Critical,0.068056
5,Ordered,0.008661
5,Reduction,0.001126
5,Critical,0.068271
5,Ordered,0.008698
5,Reduction,0.001164
5,Critical,0.068237
5,Ordered,0.009246
6,Reduction,0.001861
6,Critical,0.068117
6,Ordered,0.008689
6,Reduction,0.000943
6,Critical,0.065252
6,Ordered,0.008736
6,Reduction,0.000941
6,Critical,0.065057
6,Ordered,0.008696
6,Reduction,0.000943
6,Critical,0.065089
6,Ordered,0.008726
6,Reduction,0.000942
6,Critical,0.065105
6,Ordered,0.008674
6,Reduction,0.000940
6,Critical,0.065771
6,Ordered,0.011709
6,Reduction,0.000946
6,Critical,0.065288
6,Ordered,0.008676
6,Reduction,0.001230
6,Critical,0.065923
6,Ordered,0.009460
6,Reduction,0.000941
6,Critical,0.065271
6,Ordered,0.009197
6,Reduction,0.000957
6,Critical,0.065280
6,Ordered,0.008714
6,Reduction,0.001074
6,Critical,0.065391
6,Ordered,0.008795
6,Reduction,0.001007
6,Critical,0.065229
6,Ordered,0.008708
6,Reduction,0.001222
6,Critical,0.065225
6,Ordered,0.008830
6,Reduction,0.001023
6,Critical,0.065346
6,Ordered,0.008886
6,Reduction,0.000942
6,Critical,0.065452
6,Ordered,0.009043
6,Reduction,0.000944
6,Critical,0.065408
6,Ordered,0.008672
6,Reduction,0.000943
6,Critical,0.065394
6,Ordered,0.009203
6,Reduction,0.000953
6,Critical,0.065268
6,Ordered,0.008763
6,Reduction,0.000943
6,Critical,0.065349
6,Ordered,0.009609
6,Reduction,0.000945
6,Critical,0.065409
6,Ordered,0.008706
6,Reduction,0.000942
6,Critical,0.065179
6,Ordered,0.008695
6,Reduction,0.000940
6,Critical,0.065353
6,Ordered,0.009701
6,Reduction,0.001141
6,Critical,0.065497
6,Ordered,0.008852
6,Reduction,0.000957
6,Critical,0.065396
6,Ordered,0.008890
6,Reduction,0.000946
6,Critical,0.065052
6,Ordered,0.008780
6,Reduction,0.000941
6,Critical,0.065082
6,Ordered,0.008692
6,Reduction,0.000942
6,Critical,0.065231
6,Ordered,0.008720
6,Reduction,0.000952
6,Critical,0.065187
6,Ordered,0.008690
6,Reduction,0.000943
6,Critical,0.065019
6,Ordered,0.008760
6,Reduction,0.000941
6,Critical,0.065025
6,Ordered,0.008667
6,Reduction,0.000966
6,Critical,0.065200
6,Ordered,0.008718
6,Reduction,0.000939
6,Critical,0.065354
6,Ordered,0.008674
6,Reduction,0.000940
6,Critical,0.065096
6,Ordered,0.008722
6,Reduction,0.000941
6,Critical,0.065219
6,Ordered,0.008657
6,Reduction,0.000945
6,Critical,0.065224
6,Ordered,0.008847
6,Reduction,0.000941
6,Critical,0.065050
6,Ordered,0.008716
6,Reduction,0.000991
6,Critical,0.065283
6,Ordered,0.008673
6,Reduction,0.000947
6,Critical,0.065135
6,Ordered,0.008695
6,Reduction,0.000990
6,Critical,0.065390
6,Ordered,0.008964
6,Reduction,0.000944
6,Critical,0.065271
6,Ordered,0.008692
6,Reduction,0.000941
6,Critical,0.065157
6,Ordered,0.009876
6,Reduction,0.001045
6,Critical,0.065068
6,Ordered,0.008669
6,Reduction,0.000945
6,Critical,0.065043
6,Ordered,0.008860
6,Reduction,0.000940
6,Critical,0.065169
6,Ordered,0.008727
6,Reduction,0.000942
6,Critical,0.065333
6,Ordered,0.009140
6,Reduction,0.000942
6,Critical,0.065341
6,Ordered,0.008704
6,Reduction,0.000944
6,Critical,0.065046
6,Ordered,0.009336
6,Reduction,0.000950
6,Critical,0.065393
6,Ordered,0.008731
6,Reduction,0.000939
6,Critical,0.065168
6,Ordered,0.009357
6,Reduction,0.000944
6,Critical,0.065108
6,Ordered,0.008713
6,Reduction,0.000942
6,Critical,0.064751
6,Ordered,0.008668
6,Reduction,0.000956
6,Critical,0.064869
6,Ordered,0.008722
6,Reduction,0.000943
6,Critical,0.064617
6,Ordered,0.008728
6,Reduction,0.000946
6,Critical,0.064957
6,Ordered,0.008740
6,Reduction,0.001233
6,Critical,0.064726
6,Ordered,0.008693
6,Reduction,0.000946
6,Critical,0.064828
6,Ordered,0.009679
6,Reduction,0.001600
6,Critical,0.064551
6,Ordered,0.008984
6,Reduction,0.000950
6,Critical,0.064792
6,Ordered,0.008763
6,Reduction,0.001055
6,Critical,0.065158
6,Ordered,0.008701
6,Reduction,0.000945
6,Critical,0.064586
6,Ordered,0.008843
6,Reduction,0.001285
6,Critical,0.065012
6,Ordered,0.008805
6,Reduction,0.000942
6,Critical,0.065025
6,Ordered,0.008781
6,Reduction,0.000941
6,Critical,0.065424
6,Ordered,0.008742
6,Reduction,0.000940
6,Critical,0.065269
6,Ordered,0.008745
6,Reduction,0.000946
6,Critical,0.065133
6,Ordered,0.008716
6,Reduction,0.000942
6,Critical,0.065003
6,Ordered,0.008713
6,Reduction,0.001143
6,Critical,0.065370
6,Ordered,0.008733
6,Reduction,0.000941
6,Critical,0.064766
6,Ordered,0.008776
6,Reduction,0.000974
6,Critical,0.065129
6,Ordered,0.008714
6,Reduction,0.001091
6,Critical,0.064976
6,Ordered,0.008735
6,Reduction,0.000940
6,Critical,0.065245
6,Ordered,0.009003
6,Reduction,0.001060
6,Critical,0.065207
6,Ordered,0.008751
6,Reduction,0.000942
6,Critical,0.065791
6,Ordered,0.009822
6,Reduction,0.001640
6,Critical,0.065942
6,Ordered,0.008862
6,Reduction,0.000949
6,Critical,0.065446
6,Ordered,0.009459
6,Reduction,0.000979
6,Critical,0.066079
6,Ordered,0.008738
6,Reduction,0.000944
6,Critical,0.065885
6,Ordered,0.008753
6,Reduction,0.000943
6,Critical,0.065188
6,Ordered,0.008666
6,Reduction,0.000939
6,Critical,0.065274
6,Ordered,0.009017
6,Reduction,0.000945
6,Critical,0.065319
6,Ordered,0.008675
6,Reduction,0.000942
6,Critical,0.065323
6,Ordered,0.009238
6,Reduction,0.000949
6,Critical,0.064995
6,Ordered,0.008690
6,Reduction,0.000940
6,Critical,0.065242
6,Ordered,0.008722
6,Reduction,0.000940
6,Critical,0.065415
6,Ordered,0.008696
6,Reduction,0.000947
6,Critical,0.065061
6,Ordered,0.008787
6,Reduction,0.000955
6,Critical,0.065528
6,Ordered,0.008671
6,Reduction,0.000940
6,Critical,0.065087
6,Ordered,0.008967
6,Reduction,0.000941
6,Critical,0.065391
6,Ordered,0.008672
6,Reduction,0.000946
6,Critical,0.065162
6,Ordered,0.008683
6,Reduction,0.000940
6,Critical,0.065326
6,Ordered,0.008686
6,Reduction,0.000951
6,Critical,0.065226
6,Ordered,0.008686
6,Reduction,0.000939
6,Critical,0.065080
6,Ordered,0.008692
6,Reduction,0.000945
6,Critical,0.065101
6,Ordered,0.008809
6,Reduction,0.000940
6,Critical,0.065073
6,Ordered,0.008793
6,Reduction,0.000944
6,Critical,0.065192
6,Ordered,0.008743
6,Reduction,0.000955
6,Critical,0.065015
6,Ordered,0.008670
6,Reduction,0.000992
6,Critical,0.065222
6,Ordered,0.008756
6,Reduction,0.000941
6,Critical,0.064997
6,Ordered,0.008959
6,Reduction,0.000984
6,Critical,0.065257
6,Ordered,0.008697
6,Reduction,0.000946
6,Critical,0.065172
6,Ordered,0.008962
